[{"elements":[],"id":"224a9e9b-e9ba-483a-a003-fb05df257d38","file_name":"brewer.jpeg","title":null,"size":849740,"type":"image/jpeg","url":"https://assets-eu-01.kc-usercontent.com/5faadba4-74cb-0112-28d6-1af374974337/e6fb9c7d-2feb-41d1-93d2-b5d91d1f4dd7/brewer.jpeg","image_width":1875,"image_height":1249,"file_reference":{"id":"e6fb9c7d-2feb-41d1-93d2-b5d91d1f4dd7","type":"internal"},"descriptions":[{"language":{"id":"00000000-0000-0000-0000-000000000000"},"description":null}],"last_modified":"2022-10-13T21:21:14.3936225Z"},{"elements":[],"id":"9f8f8277-1f10-4439-84c1-cb8645cbe217","file_name":"svnwest.jpg","title":null,"size":416093,"type":"image/jpeg","url":"https://assets-eu-01.kc-usercontent.com/5faadba4-74cb-0112-28d6-1af374974337/65bf3c4d-0251-42c1-8f72-22f81d94824b/svnwest.jpg","image_width":1686,"image_height":725,"file_reference":{"id":"65bf3c4d-0251-42c1-8f72-22f81d94824b","type":"internal"},"descriptions":[{"language":{"id":"00000000-0000-0000-0000-000000000000"},"description":null}],"last_modified":"2022-10-13T21:25:32.4687957Z"},{"elements":[],"id":"dc2548f0-9f6d-41f1-95af-0824d778946b","file_name":"royal.jpg","title":null,"size":148593,"type":"image/jpeg","url":"https://assets-eu-01.kc-usercontent.com/5faadba4-74cb-0112-28d6-1af374974337/2fb00548-8289-4d67-90a3-a6c74560fdb5/royal.jpg","image_width":1200,"image_height":630,"file_reference":{"id":"2fb00548-8289-4d67-90a3-a6c74560fdb5","type":"internal"},"descriptions":[{"language":{"id":"00000000-0000-0000-0000-000000000000"},"description":null}],"last_modified":"2022-10-13T21:29:21.7940991Z"},{"elements":[],"id":"31a71e27-0f5a-4846-bf27-e90104b15af7","file_name":"glasshouse.jpg","title":null,"size":66842,"type":"image/jpeg","url":"https://assets-eu-01.kc-usercontent.com/5faadba4-74cb-0112-28d6-1af374974337/8e698caf-2f34-4bae-a939-3961c6012baa/glasshouse.jpg","image_width":1000,"image_height":668,"file_reference":{"id":"8e698caf-2f34-4bae-a939-3961c6012baa","type":"internal"},"descriptions":[{"language":{"id":"00000000-0000-0000-0000-000000000000"},"description":null}],"last_modified":"2022-10-13T21:32:14.3284665Z"},{"elements":[],"id":"aae927a3-ee69-41ab-8577-a6de10c4b832","file_name":"mgm-grand.jpg","title":null,"size":71482,"type":"image/jpeg","url":"https://assets-eu-01.kc-usercontent.com/5faadba4-74cb-0112-28d6-1af374974337/a44bd872-f7a2-4bfb-9975-b88e153d1e4f/mgm-grand.jpg","image_width":700,"image_height":460,"file_reference":{"id":"a44bd872-f7a2-4bfb-9975-b88e153d1e4f","type":"internal"},"descriptions":[{"language":{"id":"00000000-0000-0000-0000-000000000000"},"description":null}],"last_modified":"2022-10-14T05:17:54.7839109Z"},{"elements":[],"id":"d6ad8012-36d4-4e0b-ae4c-1032ef7fdb45","file_name":"conf.jpg","title":null,"size":294541,"type":"image/jpeg","url":"https://assets-eu-01.kc-usercontent.com/5faadba4-74cb-0112-28d6-1af374974337/ac1c6564-d01f-4932-80db-bf1162583835/conf.jpg","image_width":1740,"image_height":1160,"file_reference":{"id":"ac1c6564-d01f-4932-80db-bf1162583835","type":"internal"},"descriptions":[{"language":{"id":"00000000-0000-0000-0000-000000000000"},"description":null}],"last_modified":"2022-10-14T05:47:27.9611081Z"},{"elements":[],"id":"43b06d00-e020-43d4-a3e3-f9b82a42450e","file_name":"winner.jpg","title":null,"size":765795,"type":"image/jpeg","url":"https://assets-eu-01.kc-usercontent.com/5faadba4-74cb-0112-28d6-1af374974337/63ab68e1-1fa2-4bf5-bfb8-9c5ccb321e0f/winner.jpg","image_width":1974,"image_height":1481,"file_reference":{"id":"63ab68e1-1fa2-4bf5-bfb8-9c5ccb321e0f","type":"internal"},"descriptions":[{"language":{"id":"00000000-0000-0000-0000-000000000000"},"description":null}],"last_modified":"2022-10-14T05:53:31.3969924Z"}]