[{"id":"dc43ff9d-aca9-408c-a21f-da2cafefd775","name":"React Advanced London","codename":"react_advanced_london","type":{"id":"62952827-a865-45c5-b884-b6fc1eb009d8"},"collection":{"id":"00000000-0000-0000-0000-000000000000"},"sitemap_locations":[],"last_modified":"2022-10-13T21:19:32.4711437Z"},{"id":"281626e7-3635-4090-84a5-df688d60eb0f","name":"Jamstackconf","codename":"jamstackconf","type":{"id":"62952827-a865-45c5-b884-b6fc1eb009d8"},"collection":{"id":"00000000-0000-0000-0000-000000000000"},"sitemap_locations":[],"last_modified":"2022-10-13T21:21:31.0201387Z"},{"id":"9b93dac8-1b11-40ae-902c-b4dc7a1ceb0f","name":"VS Live 360!","codename":"vs_live_360_","type":{"id":"62952827-a865-45c5-b884-b6fc1eb009d8"},"collection":{"id":"00000000-0000-0000-0000-000000000000"},"sitemap_locations":[],"last_modified":"2022-10-13T21:25:46.2746865Z"},{"id":"0b84d146-6d30-4bf5-8322-a83bb70d997f","name":"Kontent Horizons","codename":"kontent_horizons","type":{"id":"62952827-a865-45c5-b884-b6fc1eb009d8"},"collection":{"id":"00000000-0000-0000-0000-000000000000"},"sitemap_locations":[],"last_modified":"2022-10-13T21:29:33.7993832Z"},{"id":"213eba70-7d4c-4a62-b321-5f643fe9d51c","name":"DEV Intersection","codename":"dev_intersection","type":{"id":"62952827-a865-45c5-b884-b6fc1eb009d8"},"collection":{"id":"00000000-0000-0000-0000-000000000000"},"sitemap_locations":[],"last_modified":"2022-10-14T05:15:35.0926819Z"},{"id":"e610046c-1b1c-49ae-ac7e-bc698f9d576a","name":"Homepage","codename":"homepage","type":{"id":"3cdfd3c3-00d1-4833-bb54-81c8d282b05f"},"collection":{"id":"00000000-0000-0000-0000-000000000000"},"sitemap_locations":[],"last_modified":"2022-10-14T05:44:42.77578Z"}]