[{"id":"3cdfd3c3-00d1-4833-bb54-81c8d282b05f","codename":"homepage","last_modified":"2022-10-14T05:51:00.2480016Z","name":"Homepage","content_groups":[],"elements":[{"maximum_text_length":null,"maximum_image_size":null,"allowed_content_types":[{"id":"82ab0091-ee71-4a4a-ae7b-88f2f67fa14c"},{"id":"46c49068-c4ef-4ee2-9e85-4589eb5f4c7e"},{"id":"1a04d7d0-79f9-481f-a260-48c113646e91"},{"id":"7e2ae5c6-a398-4764-ba26-843526246692"}],"allowed_item_link_types":[],"image_width_limit":null,"image_height_limit":null,"allowed_image_types":"any","allowed_blocks":["components-and-items"],"allowed_formatting":[],"allowed_text_blocks":[],"allowed_table_blocks":[],"allowed_table_formatting":[],"allowed_table_text_blocks":[],"name":"Text","guidelines":null,"is_required":false,"type":"rich_text","id":"d4a630b8-d4ef-4651-9cd6-f125e8344739","codename":"text","is_non_localizable":false}]},{"id":"1a04d7d0-79f9-481f-a260-48c113646e91","codename":"_component__large_image","last_modified":"2022-10-14T05:56:41.7738864Z","name":"(Component) Large image","content_groups":[],"elements":[{"asset_count_limit":{"value":1,"condition":"exactly"},"maximum_file_size":null,"allowed_file_types":"any","image_width_limit":null,"image_height_limit":null,"default":null,"name":"Image","guidelines":null,"is_required":true,"type":"asset","id":"c4286d22-d383-4270-bb4f-64f724c93d6d","codename":"image","is_non_localizable":false}]},{"id":"46c49068-c4ef-4ee2-9e85-4589eb5f4c7e","codename":"_component__cta","last_modified":"2022-10-14T06:22:15.598406Z","name":"(Component) CTA","content_groups":[],"elements":[{"asset_count_limit":{"value":1,"condition":"exactly"},"maximum_file_size":null,"allowed_file_types":"any","image_width_limit":null,"image_height_limit":null,"default":null,"name":"Image","guidelines":null,"is_required":true,"type":"asset","id":"0107c942-8f0f-44bc-89ce-eb4b872e5533","codename":"image","is_non_localizable":false},{"maximum_text_length":{"value":10,"applies_to":"words"},"validation_regex":null,"default":null,"name":"Headline","guidelines":null,"is_required":true,"type":"text","id":"86972137-b6cc-4a23-8bd2-d3c9e8b8c74e","codename":"headline","is_non_localizable":false},{"maximum_text_length":null,"validation_regex":null,"default":null,"name":"Description","guidelines":null,"is_required":false,"type":"text","id":"38a55c4e-088e-4a1d-a641-fd6aadf99301","codename":"description","is_non_localizable":false},{"maximum_text_length":{"value":4,"applies_to":"words"},"validation_regex":null,"default":null,"name":"Link text","guidelines":null,"is_required":true,"type":"text","id":"f588d497-285e-4962-819b-4105eb9117c2","codename":"link_text","is_non_localizable":false},{"maximum_text_length":null,"validation_regex":{"regex":"^(https?:\\/\\/(?:www\\.|(?!www)))?[a-z0-9]+([\\-\\.]{1}[a-z0-9]+)*\\.[a-z]{2,5}(:[0-9]{1,5})?(\\/\\S*)?$","flags":null,"validation_message":"Type a valid web URL, such as https://example.org","is_active":true},"default":null,"name":"Link","guidelines":null,"is_required":true,"type":"text","id":"69265a03-0dc3-4536-a230-674315cde394","codename":"link","is_non_localizable":false}]},{"id":"62952827-a865-45c5-b884-b6fc1eb009d8","codename":"conference","last_modified":"2022-10-14T05:18:19.3912329Z","name":"Conference","content_groups":[{"id":"93eacf34-647e-4073-b456-b91f87b72ee6","name":"Base data","codename":"base_data"},{"id":"f2468288-2f11-4f54-baee-7511fee86cce","name":"Venue","codename":"venue"}],"elements":[{"maximum_text_length":null,"validation_regex":null,"default":null,"name":"Name","guidelines":null,"is_required":true,"type":"text","id":"c2e79854-644b-45bc-9743-6a7e4c4ffa13","codename":"name","is_non_localizable":false,"content_group":{"id":"93eacf34-647e-4073-b456-b91f87b72ee6"}},{"maximum_text_length":null,"maximum_image_size":null,"allowed_content_types":[],"allowed_item_link_types":[],"image_width_limit":null,"image_height_limit":null,"allowed_image_types":"any","allowed_blocks":["text"],"allowed_formatting":[],"allowed_text_blocks":[],"allowed_table_blocks":[],"allowed_table_formatting":[],"allowed_table_text_blocks":[],"name":"Description","guidelines":null,"is_required":false,"type":"rich_text","id":"4e39eb4a-68bb-4444-86b5-adcaa379f3b0","codename":"description","is_non_localizable":false,"content_group":{"id":"93eacf34-647e-4073-b456-b91f87b72ee6"}},{"guidelines":null,"taxonomy_group":{"id":"c27214b6-fb52-41ab-bd67-6299d7109a81"},"is_required":true,"term_count_limit":{"value":1,"condition":"at_least"},"default":null,"type":"taxonomy","id":"4d455ffc-b044-416c-afc8-abbff3c3f4db","codename":"focus","is_non_localizable":false,"content_group":{"id":"93eacf34-647e-4073-b456-b91f87b72ee6"}},{"default":null,"name":"Start date","guidelines":null,"is_required":false,"type":"date_time","id":"548f6ea8-6ab6-444c-be74-b220d13b4b16","codename":"start_date","is_non_localizable":false,"content_group":{"id":"93eacf34-647e-4073-b456-b91f87b72ee6"}},{"default":null,"name":"End date","guidelines":null,"is_required":false,"type":"date_time","id":"0f815e31-4560-4b27-be78-3a9863ed6e66","codename":"end_date","is_non_localizable":false,"content_group":{"id":"93eacf34-647e-4073-b456-b91f87b72ee6"}},{"depends_on":{"element":{"id":"c2e79854-644b-45bc-9743-6a7e4c4ffa13"}},"validation_regex":null,"name":"URL slug","guidelines":null,"is_required":true,"type":"url_slug","id":"c6dbf547-1adf-45c1-821c-6d57fbbd765f","codename":"url_slug","is_non_localizable":false,"content_group":{"id":"93eacf34-647e-4073-b456-b91f87b72ee6"}},{"maximum_text_length":null,"validation_regex":null,"default":null,"name":"Address","guidelines":null,"is_required":true,"type":"text","id":"0b9efbff-cf09-4a87-b0a4-2d15462e5701","codename":"address","is_non_localizable":false,"content_group":{"id":"f2468288-2f11-4f54-baee-7511fee86cce"}},{"asset_count_limit":{"value":1,"condition":"exactly"},"maximum_file_size":null,"allowed_file_types":"any","image_width_limit":null,"image_height_limit":null,"default":null,"name":"Venue photo","guidelines":null,"is_required":true,"type":"asset","id":"1f9fc8ac-bd14-4f56-a8be-34fe1f39fcf6","codename":"venue_photo","is_non_localizable":false,"content_group":{"id":"f2468288-2f11-4f54-baee-7511fee86cce"}}]},{"id":"7e2ae5c6-a398-4764-ba26-843526246692","codename":"_component__three_conferences","last_modified":"2022-10-14T05:56:49.1783346Z","name":"(Component) Three conferences","content_groups":[],"elements":[{"maximum_text_length":{"value":10,"applies_to":"words"},"validation_regex":null,"default":null,"name":"Headline","guidelines":null,"is_required":true,"type":"text","id":"cc0fe303-c67a-4617-a9c4-c0fa530bbfb2","codename":"headline","is_non_localizable":false},{"maximum_text_length":{"value":50,"applies_to":"words"},"validation_regex":null,"default":null,"name":"Description","guidelines":null,"is_required":true,"type":"text","id":"03e82b62-d164-457c-85d1-a53b7fc08bcf","codename":"description","is_non_localizable":false},{"item_count_limit":{"value":3,"condition":"exactly"},"allowed_content_types":[{"id":"62952827-a865-45c5-b884-b6fc1eb009d8"}],"default":null,"name":"Conferences","guidelines":null,"is_required":true,"type":"modular_content","id":"742dc89a-89fc-4223-825a-e8e3fbaa5b86","codename":"conferences","is_non_localizable":false}]},{"id":"82ab0091-ee71-4a4a-ae7b-88f2f67fa14c","codename":"_component__conference","last_modified":"2022-10-14T05:56:27.2995499Z","name":"(Component) Conference","content_groups":[],"elements":[{"item_count_limit":{"value":1,"condition":"exactly"},"allowed_content_types":[{"id":"62952827-a865-45c5-b884-b6fc1eb009d8"}],"default":null,"name":"Conference","guidelines":null,"is_required":true,"type":"modular_content","id":"73bbf482-1517-43f0-ad2b-29348f1885da","codename":"conference","is_non_localizable":false},{"mode":"single","options":[{"id":"8f4f4f06-a6b7-45e4-b9aa-dda7f8c3dfb2","codename":"image_left__text_on_right","name":"Image left, text on right"},{"id":"aff60f05-b936-4227-bb26-e1a76fc29ae1","codename":"image_right__text_on_left","name":"Image right, text on left"}],"default":null,"name":"Position","guidelines":null,"is_required":true,"type":"multiple_choice","id":"fcf43d01-d527-4cb7-ac63-7edaa70da70d","codename":"position","is_non_localizable":false}]}]