[{"elements":[{"element":{"id":"c2e79854-644b-45bc-9743-6a7e4c4ffa13"},"value":"React Advanced London 2022"},{"components":[],"element":{"id":"4e39eb4a-68bb-4444-86b5-adcaa379f3b0"},"value":"<p>Are you into modern web development with React, React Native, GraphQL, TypeScript and hungry to learn from the best?</p>\n<p>The React ecosystem and community have grown drastically in the past years, and so did the complexity of web and JavaScript app development. It's highly recommended to take this journey with the help of others – so connect with the global network of field experts and explore the framework! Engineers of any level are welcome, but be prepared for hardcore.</p>\n<p>There will be 2 tracks of talks: General &amp; Pro tracks.</p>\n<p>This year, the format of the event will be hybrid, with the first day streamed from the London venue including hybrid networking features and interactive entertainment; and second day, as well as the numerous free workshops, streamed to the global audience online.</p>"},{"element":{"id":"4d455ffc-b044-416c-afc8-abbff3c3f4db"},"value":[{"id":"cd4a7482-6cc2-4ec6-b29a-228fe2d6bb8a"}]},{"display_timezone":"Europe/London","element":{"id":"548f6ea8-6ab6-444c-be74-b220d13b4b16"},"value":"2022-10-21T07:00:00Z"},{"display_timezone":"Europe/London","element":{"id":"0f815e31-4560-4b27-be78-3a9863ed6e66"},"value":"2022-10-21T17:00:00Z"},{"mode":"autogenerated","element":{"id":"c6dbf547-1adf-45c1-821c-6d57fbbd765f"},"value":"react-advanced-london-2022"},{"element":{"id":"0b9efbff-cf09-4a87-b0a4-2d15462e5701"},"value":"The Brewery\n52 Chiswell Street\nLondon – EC1Y 4SD"},{"element":{"id":"1f9fc8ac-bd14-4f56-a8be-34fe1f39fcf6"},"value":[{"renditions":[],"id":"224a9e9b-e9ba-483a-a003-fb05df257d38"}]}],"workflow_step":{"id":"c199950d-99f0-4983-b711-6c4c91624b22"},"workflow":{"workflow_identifier":{"id":"00000000-0000-0000-0000-000000000000"},"step_identifier":{"id":"c199950d-99f0-4983-b711-6c4c91624b22"}},"item":{"id":"dc43ff9d-aca9-408c-a21f-da2cafefd775"},"language":{"id":"00000000-0000-0000-0000-000000000000"},"last_modified":"2022-10-14T05:19:07.1332167Z"},{"elements":[{"element":{"id":"c2e79854-644b-45bc-9743-6a7e4c4ffa13"},"value":"Jamstackconf"},{"components":[],"element":{"id":"4e39eb4a-68bb-4444-86b5-adcaa379f3b0"},"value":"<h3>Learn</h3>\n<p>Watch talks from people creating the building blocks of the modern web and from people putting those tools to work.</p>\n<h3>Liaise</h3>\n<p>Connect virtually and in person as we bring this bustling community together to share experiences and make new connections.</p>\n<h3>Level-up</h3>\n<p>Take your skills up a notch by attending one of the in-person workshops from experts in the industry.</p>"},{"element":{"id":"4d455ffc-b044-416c-afc8-abbff3c3f4db"},"value":[{"id":"cd4a7482-6cc2-4ec6-b29a-228fe2d6bb8a"}]},{"display_timezone":"America/Los_Angeles","element":{"id":"548f6ea8-6ab6-444c-be74-b220d13b4b16"},"value":"2022-11-07T17:00:00Z"},{"display_timezone":"America/Los_Angeles","element":{"id":"0f815e31-4560-4b27-be78-3a9863ed6e66"},"value":"2022-11-09T02:00:00Z"},{"mode":"autogenerated","element":{"id":"c6dbf547-1adf-45c1-821c-6d57fbbd765f"},"value":"jamstackconf"},{"element":{"id":"0b9efbff-cf09-4a87-b0a4-2d15462e5701"},"value":"SVN West\n10 Van Ness Ave\nSan Francisco"},{"element":{"id":"1f9fc8ac-bd14-4f56-a8be-34fe1f39fcf6"},"value":[{"renditions":[],"id":"9f8f8277-1f10-4439-84c1-cb8645cbe217"}]}],"workflow_step":{"id":"c199950d-99f0-4983-b711-6c4c91624b22"},"workflow":{"workflow_identifier":{"id":"00000000-0000-0000-0000-000000000000"},"step_identifier":{"id":"c199950d-99f0-4983-b711-6c4c91624b22"}},"item":{"id":"281626e7-3635-4090-84a5-df688d60eb0f"},"language":{"id":"00000000-0000-0000-0000-000000000000"},"last_modified":"2022-10-14T05:19:28.5107296Z"},{"elements":[{"element":{"id":"c2e79854-644b-45bc-9743-6a7e4c4ffa13"},"value":"VS Live 360!"},{"components":[],"element":{"id":"4e39eb4a-68bb-4444-86b5-adcaa379f3b0"},"value":"<p>Developers, engineers, software architects and designers will code together at Visual Studio Live! (VSLive!™), returning to warm, sunny Orlando for six days of unbiased and cutting-edge education on the Microsoft Platform. Soak in the knowledge on everything from Visual Studio and the .NET framework, to ASP.NET, Core, .NET 6, JavaScript, GitHub, Database Analytics, C#, MAUI, Azure, and so much more. VSLive!™ features 45+ sessions led by industry experts and Microsoft insiders. Join us for Visual Studio Live! to expand your .NET skills and the ability to build better applications.</p>"},{"element":{"id":"4d455ffc-b044-416c-afc8-abbff3c3f4db"},"value":[{"id":"73f3450c-1c27-4f09-9fe2-64385483f854"}]},{"display_timezone":"America/New_York","element":{"id":"548f6ea8-6ab6-444c-be74-b220d13b4b16"},"value":"2022-11-13T14:00:00Z"},{"display_timezone":"America/New_York","element":{"id":"0f815e31-4560-4b27-be78-3a9863ed6e66"},"value":"2022-11-18T23:00:00Z"},{"mode":"autogenerated","element":{"id":"c6dbf547-1adf-45c1-821c-6d57fbbd765f"},"value":"vs-live-360"},{"element":{"id":"0b9efbff-cf09-4a87-b0a4-2d15462e5701"},"value":"Royal Pacific Resort at Universal\n6300 Hollywood Way\nOrlando FL 32819"},{"element":{"id":"1f9fc8ac-bd14-4f56-a8be-34fe1f39fcf6"},"value":[{"renditions":[],"id":"dc2548f0-9f6d-41f1-95af-0824d778946b"}]}],"workflow_step":{"id":"c199950d-99f0-4983-b711-6c4c91624b22"},"workflow":{"workflow_identifier":{"id":"00000000-0000-0000-0000-000000000000"},"step_identifier":{"id":"c199950d-99f0-4983-b711-6c4c91624b22"}},"item":{"id":"9b93dac8-1b11-40ae-902c-b4dc7a1ceb0f"},"language":{"id":"00000000-0000-0000-0000-000000000000"},"last_modified":"2022-10-14T05:19:49.0960705Z"},{"elements":[{"element":{"id":"c2e79854-644b-45bc-9743-6a7e4c4ffa13"},"value":"Kontent.ai Horizons"},{"components":[],"element":{"id":"4e39eb4a-68bb-4444-86b5-adcaa379f3b0"},"value":"<p>Kontent.ai Horizons is back—and in person this year! Join us on October 19 (London) or November 17 (New York) and enjoy a day packed with inspiring sessions on all things content. Mark your calendar and grab your free ticket for this one-of-a-kind event.</p>"},{"element":{"id":"4d455ffc-b044-416c-afc8-abbff3c3f4db"},"value":[{"id":"782e7027-4128-4ea7-b05e-4e627284e3f0"}]},{"display_timezone":"America/New_York","element":{"id":"548f6ea8-6ab6-444c-be74-b220d13b4b16"},"value":"2022-11-17T18:30:00Z"},{"display_timezone":"America/New_York","element":{"id":"0f815e31-4560-4b27-be78-3a9863ed6e66"},"value":"2022-11-18T01:00:00Z"},{"mode":"autogenerated","element":{"id":"c6dbf547-1adf-45c1-821c-6d57fbbd765f"},"value":"kontent-ai-horizons"},{"element":{"id":"0b9efbff-cf09-4a87-b0a4-2d15462e5701"},"value":"Glasshouse Chelsea\n545 W 25th St\nNew York, NY 10001"},{"element":{"id":"1f9fc8ac-bd14-4f56-a8be-34fe1f39fcf6"},"value":[{"renditions":[],"id":"31a71e27-0f5a-4846-bf27-e90104b15af7"}]}],"workflow_step":{"id":"c199950d-99f0-4983-b711-6c4c91624b22"},"workflow":{"workflow_identifier":{"id":"00000000-0000-0000-0000-000000000000"},"step_identifier":{"id":"c199950d-99f0-4983-b711-6c4c91624b22"}},"item":{"id":"0b84d146-6d30-4bf5-8322-a83bb70d997f"},"language":{"id":"00000000-0000-0000-0000-000000000000"},"last_modified":"2022-10-14T05:20:10.6356866Z"},{"elements":[{"element":{"id":"c2e79854-644b-45bc-9743-6a7e4c4ffa13"},"value":"DEV Intersection"},{"components":[],"element":{"id":"4e39eb4a-68bb-4444-86b5-adcaa379f3b0"},"value":"<p>We invite you to join your favorite Microsoft Leaders Scott Guthrie, EVP Cloud &amp; AI, CVP of Azure Data and Charles Lamanna, CVP of Business Apps &amp; Power Platform as they share their excitement about the power of technology and where the future is taking us. Microsoft engineers take a deep dive with you into the many new releases that will empower you to stay competitive; among them .NET MAUI, .NET 6, C# 10, Visual Studio 2022, the great capabilities of the modern Microsoft Stack, Azure and so much more.</p>\n<p>Industry experts you will recognize share real world solutions and tips for productivity. Scott Hanselman leads one of the most entertaining panel of experts during Hanselman and friends.</p>\n<p>This is the event where <strong>questions get answered, strategies defined</strong> and <strong>relationships built</strong>. Attend and connect with the source that builds the products you depend on.</p>"},{"element":{"id":"4d455ffc-b044-416c-afc8-abbff3c3f4db"},"value":[{"id":"73f3450c-1c27-4f09-9fe2-64385483f854"}]},{"display_timezone":"America/Los_Angeles","element":{"id":"548f6ea8-6ab6-444c-be74-b220d13b4b16"},"value":"2022-12-06T17:00:00Z"},{"display_timezone":"America/Los_Angeles","element":{"id":"0f815e31-4560-4b27-be78-3a9863ed6e66"},"value":"2022-12-09T02:00:00Z"},{"mode":"autogenerated","element":{"id":"c6dbf547-1adf-45c1-821c-6d57fbbd765f"},"value":"dev-intersection"},{"element":{"id":"0b9efbff-cf09-4a87-b0a4-2d15462e5701"},"value":"MGM Grand Las Vegas"},{"element":{"id":"1f9fc8ac-bd14-4f56-a8be-34fe1f39fcf6"},"value":[{"renditions":[],"id":"aae927a3-ee69-41ab-8577-a6de10c4b832"}]}],"workflow_step":{"id":"c199950d-99f0-4983-b711-6c4c91624b22"},"workflow":{"workflow_identifier":{"id":"00000000-0000-0000-0000-000000000000"},"step_identifier":{"id":"c199950d-99f0-4983-b711-6c4c91624b22"}},"item":{"id":"213eba70-7d4c-4a62-b321-5f643fe9d51c"},"language":{"id":"00000000-0000-0000-0000-000000000000"},"last_modified":"2022-10-14T05:18:47.2203722Z"},{"elements":[{"components":[{"id":"bb3bd96a-3bcb-418c-b1ce-7b838a0432bc","type":{"id":"82ab0091-ee71-4a4a-ae7b-88f2f67fa14c"},"elements":[{"element":{"id":"73bbf482-1517-43f0-ad2b-29348f1885da"},"value":[{"id":"dc43ff9d-aca9-408c-a21f-da2cafefd775"}]},{"element":{"id":"fcf43d01-d527-4cb7-ac63-7edaa70da70d"},"value":[{"id":"8f4f4f06-a6b7-45e4-b9aa-dda7f8c3dfb2"}]}]},{"id":"7e3e9d44-f785-4d16-85f0-84b2725669e0","type":{"id":"1a04d7d0-79f9-481f-a260-48c113646e91"},"elements":[{"element":{"id":"c4286d22-d383-4270-bb4f-64f724c93d6d"},"value":[{"renditions":[],"id":"d6ad8012-36d4-4e0b-ae4c-1032ef7fdb45"}]}]},{"id":"2c270f07-ba7a-4b87-8f4c-66225380c3af","type":{"id":"7e2ae5c6-a398-4764-ba26-843526246692"},"elements":[{"element":{"id":"cc0fe303-c67a-4617-a9c4-c0fa530bbfb2"},"value":"We love meeting developers"},{"element":{"id":"03e82b62-d164-457c-85d1-a53b7fc08bcf"},"value":"Come visit our booth at these conferences and talk to us about your project."},{"element":{"id":"742dc89a-89fc-4223-825a-e8e3fbaa5b86"},"value":[{"id":"9b93dac8-1b11-40ae-902c-b4dc7a1ceb0f"},{"id":"0b84d146-6d30-4bf5-8322-a83bb70d997f"},{"id":"213eba70-7d4c-4a62-b321-5f643fe9d51c"}]}]},{"id":"d96502bf-746c-459c-a8d8-bd79c36adeec","type":{"id":"82ab0091-ee71-4a4a-ae7b-88f2f67fa14c"},"elements":[{"element":{"id":"73bbf482-1517-43f0-ad2b-29348f1885da"},"value":[{"id":"281626e7-3635-4090-84a5-df688d60eb0f"}]},{"element":{"id":"fcf43d01-d527-4cb7-ac63-7edaa70da70d"},"value":[{"id":"aff60f05-b936-4227-bb26-e1a76fc29ae1"}]}]},{"id":"708793b2-f14c-4f34-b9f9-a4b96cda8c30","type":{"id":"46c49068-c4ef-4ee2-9e85-4589eb5f4c7e"},"elements":[{"element":{"id":"0107c942-8f0f-44bc-89ce-eb4b872e5533"},"value":[{"renditions":[],"id":"43b06d00-e020-43d4-a3e3-f9b82a42450e"}]},{"element":{"id":"86972137-b6cc-4a23-8bd2-d3c9e8b8c74e"},"value":"Be a winner in content management"},{"element":{"id":"38a55c4e-088e-4a1d-a641-fd6aadf99301"},"value":"Kontent.ai is the modular content platform that enables marketers and developers to plan, create, and deliver experiences that look and feel great on any channel. "},{"element":{"id":"f588d497-285e-4962-819b-4105eb9117c2"},"value":"Find out more"},{"element":{"id":"69265a03-0dc3-4536-a230-674315cde394"},"value":"https://kontent.ai/developers"}]}],"element":{"id":"d4a630b8-d4ef-4651-9cd6-f125e8344739"},"value":"<object type=\"application/kenticocloud\" data-type=\"component\" data-id=\"bb3bd96a-3bcb-418c-b1ce-7b838a0432bc\"></object>\n<object type=\"application/kenticocloud\" data-type=\"component\" data-id=\"7e3e9d44-f785-4d16-85f0-84b2725669e0\"></object>\n<object type=\"application/kenticocloud\" data-type=\"component\" data-id=\"2c270f07-ba7a-4b87-8f4c-66225380c3af\"></object>\n<object type=\"application/kenticocloud\" data-type=\"component\" data-id=\"d96502bf-746c-459c-a8d8-bd79c36adeec\"></object>\n<object type=\"application/kenticocloud\" data-type=\"component\" data-id=\"708793b2-f14c-4f34-b9f9-a4b96cda8c30\"></object>"}],"workflow_step":{"id":"c199950d-99f0-4983-b711-6c4c91624b22"},"workflow":{"workflow_identifier":{"id":"00000000-0000-0000-0000-000000000000"},"step_identifier":{"id":"c199950d-99f0-4983-b711-6c4c91624b22"}},"item":{"id":"e610046c-1b1c-49ae-ac7e-bc698f9d576a"},"language":{"id":"00000000-0000-0000-0000-000000000000"},"last_modified":"2022-10-14T06:41:18.4768877Z"}]