[{"last_modified":"2022-10-13T15:26:09.6138383Z","id":"c27214b6-fb52-41ab-bd67-6299d7109a81","name":"Focus","codename":"focus","terms":[{"id":"cd4a7482-6cc2-4ec6-b29a-228fe2d6bb8a","name":"Javascript","codename":"javascript","terms":[]},{"id":"73f3450c-1c27-4f09-9fe2-64385483f854","name":".NET","codename":"_net","terms":[]},{"id":"68a68f3e-ffcc-4455-b91e-320357d32c0a","name":"Security","codename":"security","terms":[]},{"id":"782e7027-4128-4ea7-b05e-4e627284e3f0","name":"Content management","codename":"content_management","terms":[]},{"id":"0aaf5afe-6879-4047-b0f7-84ec5440579b","name":"DevOps","codename":"devops","terms":[]}]}]